Atribut,Prosečan |SHAP|
ntlm_ratio,0.002697615835726741
n_ntlm_delta,0.0019133008568875689
n_ntlm,0.0018516562628585335
window_seq_num,0.0018100103632765702
n_ntlm_z,0.0013709717223680936
n_ntlm_ma24,0.00118339051394772
n_dst_seen_before,0.0010331958489291821
new_dst_ratio,0.0008445782382830975
events_per_dst,0.0008044879269736708
hour_of_day,0.000785628461653249
n_new_dst,0.0006471113701248675
n_events,0.0005789876878720776
n_src_comp_sd24,0.0005536413876599277
n_src_comp,0.0005337850359413939
fail_ratio,0.0005290121341847875
n_auth_types,0.000433737676800106
n_failure_z,0.0004326748628769408
day_of_week,0.00036534319816953706
n_failure_sd24,0.0003580699245291612
n_failure,0.0003485194707415604
n_events_z,0.00033604905804397
kerberos_ratio,0.00033370348006255413
n_src_comp_lag1,0.0003185844587259641
n_kerberos,0.0003045583047596985
n_events_ma24,0.0002775226773781974
n_src_comp_z,0.0002745626792316106
auth_unknown_ratio,0.0002664343045986577
window_duration_sec,0.00025535137851302
n_dst_comp_z,0.00024278380765279222
n_failure_delta,0.00023190576742174496
n_dst_comp_ma24,0.00020069619274922776
n_ntlm_lag1,0.00017560289882110477
n_logon_types,0.00015569154659260723
n_events_lag1,0.00015564385148120714
n_failure_lag1,0.000150599230706454
domain_acct_ratio,9.702484223020103e-05
is_night,3.839187135240511e-05
is_weekend,3.093743854234416e-05
hours_since_prev,2.1495820851630164e-05
has_history,2.85810781907885e-06
