Model,Skup,Parametar,AP val,AUC-ROC val
Isolation Forest,Final (12),auto,0.0566,0.9308
Isolation Forest,Final (12),stvarni,0.0566,0.9308
Isolation Forest,Filter (40),auto,0.0521,0.8992
Isolation Forest,Filter (40),stvarni,0.0521,0.8992
Isolation Forest,Full (53),stvarni,0.0405,0.871
Isolation Forest,Full (53),auto,0.0405,0.871
One-Class SVM,Filter (40),podrazumevani,0.0286,0.8426
One-Class SVM,Final (12),podrazumevani,0.028,0.8252
One-Class SVM,Full (53),podrazumevani,0.0274,0.8424
One-Class SVM,Filter (40),stvarni,0.0094,0.2516
One-Class SVM,Final (12),stvarni,0.0092,0.2781
One-Class SVM,Full (53),stvarni,0.0088,0.255
