Atribut,SHAP (napadi),SHAP (normalni),Razlika
ntlm_ratio,0.0143135202313873,-0.00014282900547386067,0.014456349236861161
n_ntlm_z,0.007918778657148984,-6.725329900236963e-05,0.007986031956151354
n_ntlm_delta,0.007418717638497025,-0.00014317817914108138,0.007561895817638106
n_ntlm,0.006343290880939635,-0.00015182682926492345,0.006495117710204558
new_dst_ratio,0.005639089550358461,-0.00019592637916701722,0.005835015929525478
n_new_dst,0.0052223193186821774,-0.0003094134411894058,0.005531732759871583
window_seq_num,0.00482508385205647,0.000961022082994775,0.0038640617690616948
n_dst_seen_before,0.003989324311563302,0.0003024730200909679,0.003686851291472334
events_per_dst,0.00305949625222117,0.000221101229224544,0.002838395022996626
n_src_comp,0.0022487523894868877,-0.00015268561729398883,0.0024014380067808767
n_src_comp_z,0.0023740904780210955,3.183604107624965e-06,0.0023709068739134706
n_ntlm_ma24,0.002599003452525612,0.00035450383829960784,0.002244499614226004
n_auth_types,0.001308238367022012,1.607970082434997e-05,0.001292158666197662
kerberos_ratio,0.0009657753211905416,2.695549747460119e-05,0.0009388198237159404
day_of_week,-0.0006888384292152746,0.00013146149520522346,-0.0008202999244204981
n_src_comp_sd24,0.0006585219967273382,-4.249322067659805e-05,0.0007010152174039363
n_events,0.0008292676063263445,0.0001950700502571638,0.0006341975560691807
n_dst_comp_z,0.0005968932527658182,5.341946299079956e-05,0.0005434737897750187
n_kerberos,0.0006235985045115112,8.150059306081754e-05,0.0005420979114506936
n_src_comp_lag1,0.00048423396860690506,-4.072685107446772e-05,0.0005249608196813728
auth_unknown_ratio,0.0005019789052473029,5.308053907262455e-05,0.0004488983661746784
n_ntlm_lag1,0.00046561555972883436,3.391982297315641e-05,0.00043169573675567796
window_duration_sec,0.0004262956527507796,5.015803864949033e-05,0.0003761376141012893
n_logon_types,0.00038278761941285287,1.5636896499372945e-05,0.00036715072291347995
n_events_z,0.0004414417794428331,8.378591982131886e-05,0.00035765585962151423
n_events_ma24,0.0004441521312555983,0.00010673771423592128,0.000337414417019677
n_events_lag1,0.00023991376173083695,4.429559298513086e-05,0.0001956181687457061
is_weekend,-0.00013723441540400727,5.7895936211451985e-06,-0.00014302400902515248
hour_of_day,0.00010912062747771565,2.1780177555326393e-05,8.734044992238925e-05
is_night,-5.5896069967558855e-05,7.242179746946446e-06,-6.31382497145053e-05
domain_acct_ratio,4.703205306431149e-05,4.5270760860768646e-07,4.65793454557038e-05
hours_since_prev,3.516886891419183e-05,2.3818940345511717e-06,3.278697487964066e-05
n_dst_comp_ma24,3.7982356450117134e-05,1.172536375186585e-05,2.6256992698251286e-05
has_history,7.916502073806145e-06,-9.783459799336067e-07,8.89484805373975e-06
n_failure,0.0,0.0,0.0
n_failure_lag1,0.0,0.0,0.0
n_failure_ma24,0.0,0.0,0.0
n_failure_delta,0.0,0.0,0.0
n_failure_sd24,0.0,0.0,0.0
n_failure_z,0.0,0.0,0.0
