Skup,Model,AP train,AP val,AUC-ROC val
Filter (40),XGBoost,1.0,0.1868,0.9263
Final (11),XGBoost,1.0,0.1695,0.881
Full (53),XGBoost,1.0,0.1586,0.9321
Filter (40),RandomForest,1.0,0.1569,0.8462
Full (53),RandomForest,1.0,0.1454,0.8428
Final (11),RandomForest,1.0,0.1168,0.794
Final (11),LogReg,0.0565,0.0631,0.8616
Filter (40),LogReg,0.1272,0.0629,0.8792
Full (53),LogReg,0.1183,0.0616,0.8823
Filter (40),KNN,0.4408,0.0363,0.5837
Full (53),KNN,0.465,0.0265,0.5663
Final (11),KNN,0.449,0.0216,0.5853
Full (53),DecisionTree,1.0,0.0171,0.5213
Final (11),DecisionTree,1.0,0.0146,0.5252
Filter (40),DecisionTree,1.0,0.007,0.5039
Full (53),Dummy,0.0022,0.0065,0.4993
Final (11),Dummy,0.0022,0.0065,0.4993
Filter (40),Dummy,0.0022,0.0065,0.4993
